material_id,name,category,density_kg_m3,thermal_conductivity_w_mk,carbon_kg_per_m2,eco_grade,source
MAT_001,Wood Variant 5,Wood,563.04,0.185,87.81,A,EPD Europe
MAT_002,Wood Variant 9,Wood,740.3,0.125,61.77,D,EPD Europe
MAT_003,Glass Variant 19,Glass,2586.44,0.803,369.71,C,Engineering Toolbox
MAT_004,Wood Variant 9,Wood,492.21,0.121,66.88,B,Engineering Toolbox
MAT_005,Concrete Variant 9,Concrete,2307.41,1.864,212.41,D,ICE Database
MAT_006,Concrete Variant 3,Concrete,2409.8,1.577,297.76,D,EPD Europe
MAT_007,Concrete Variant 1,Concrete,2293.45,1.895,226.63,B,ICE Database
MAT_008,Concrete Variant 12,Concrete,2244.49,1.808,191.69,D,ICE Database
MAT_009,Concrete Variant 5,Concrete,2265.16,1.84,298.41,A,ICE Database
MAT_010,Wood Variant 16,Wood,563.92,0.171,39.87,D,EPD Europe
MAT_011,Insulation Variant 8,Insulation,35.98,0.022,20.32,A,ICE Database
MAT_012,Insulation Variant 19,Insulation,95.94,0.045,70.16,B,Engineering Toolbox
MAT_013,Wood Variant 15,Wood,567.46,0.123,40.1,B,ICE Database
MAT_014,Glass Variant 7,Glass,2462.79,1.068,318.02,B,Engineering Toolbox
MAT_015,Steel Variant 18,Steel,7830.36,55.487,2105.62,A,ICE Database
MAT_016,Concrete Variant 11,Concrete,2325.34,1.846,203.56,B,ICE Database
MAT_017,Concrete Variant 3,Concrete,2404.8,1.873,267.05,B,Engineering Toolbox
MAT_018,Insulation Variant 8,Insulation,43.87,0.043,75.05,B,EPD Europe
MAT_019,Wood Variant 3,Wood,691.74,0.128,69.57,C,ICE Database
MAT_020,Insulation Variant 3,Insulation,80.14,0.02,69.08,C,EPD Europe
MAT_021,Insulation Variant 14,Insulation,37.83,0.045,42.09,B,Engineering Toolbox
MAT_022,Steel Variant 15,Steel,7827.51,58.667,2161.02,B,Engineering Toolbox
MAT_023,Steel Variant 1,Steel,8014.98,47.185,1514.15,C,ICE Database
MAT_024,Wood Variant 15,Wood,495.51,0.135,64.03,C,EPD Europe
MAT_025,Glass Variant 8,Glass,2459.24,1.072,335.51,D,EPD Europe
MAT_026,Insulation Variant 9,Insulation,108.21,0.03,33.28,C,ICE Database
MAT_027,Concrete Variant 9,Concrete,2384.34,1.512,255.63,C,ICE Database
MAT_028,Insulation Variant 13,Insulation,34.54,0.031,37.56,A,ICE Database
MAT_029,Glass Variant 20,Glass,2495.85,1.083,260.31,B,Engineering Toolbox
MAT_030,Steel Variant 12,Steel,7818.6,56.078,2171.44,A,Engineering Toolbox
MAT_031,Steel Variant 16,Steel,7907.82,45.119,2114.47,C,Engineering Toolbox
MAT_032,Glass Variant 5,Glass,2575.42,0.988,355.93,D,Engineering Toolbox
MAT_033,Wood Variant 6,Wood,530.21,0.14,80.54,B,EPD Europe
MAT_034,Steel Variant 3,Steel,7988.62,57.582,1739.09,B,EPD Europe
MAT_035,Glass Variant 5,Glass,2427.32,0.935,310.65,B,Engineering Toolbox
MAT_036,Wood Variant 5,Wood,581.01,0.17,36.88,A,ICE Database
MAT_037,Glass Variant 10,Glass,2592.84,0.964,394.83,A,ICE Database
MAT_038,Concrete Variant 7,Concrete,2338.32,1.636,300.67,A,EPD Europe
MAT_039,Insulation Variant 17,Insulation,95.1,0.021,39.62,C,ICE Database
MAT_040,Wood Variant 14,Wood,536.25,0.153,74.98,D,ICE Database
MAT_041,Steel Variant 6,Steel,8031.06,47.213,2411.77,D,EPD Europe
MAT_042,Wood Variant 8,Wood,653.07,0.197,44.6,C,ICE Database
MAT_043,Insulation Variant 7,Insulation,59.73,0.026,21.79,B,ICE Database
MAT_044,Wood Variant 2,Wood,616.47,0.193,32.43,B,ICE Database
MAT_045,Wood Variant 9,Wood,617.58,0.173,43.74,B,Engineering Toolbox
MAT_046,Concrete Variant 3,Concrete,2234.91,1.706,221.83,C,Engineering Toolbox
MAT_047,Steel Variant 9,Steel,7984.17,51.415,1715.18,B,EPD Europe
MAT_048,Concrete Variant 5,Concrete,2395.46,1.436,202.9,C,ICE Database
MAT_049,Concrete Variant 1,Concrete,2431.56,1.858,225.65,D,ICE Database
MAT_050,Insulation Variant 9,Insulation,72.98,0.025,24.21,B,ICE Database
MAT_051,Wood Variant 9,Wood,688.91,0.125,56.69,A,Engineering Toolbox
MAT_052,Steel Variant 12,Steel,7882.66,47.871,2129.54,C,Engineering Toolbox
MAT_053,Wood Variant 18,Wood,619.42,0.185,85.21,D,ICE Database
MAT_054,Concrete Variant 13,Concrete,2317.0,1.686,273.31,B,Engineering Toolbox
MAT_055,Glass Variant 5,Glass,2466.44,0.871,224.94,C,ICE Database
MAT_056,Concrete Variant 7,Concrete,2327.34,1.805,316.59,A,EPD Europe
MAT_057,Steel Variant 1,Steel,7845.03,48.694,1894.56,A,EPD Europe
MAT_058,Concrete Variant 3,Concrete,2286.43,1.401,224.11,A,ICE Database
MAT_059,Wood Variant 12,Wood,702.94,0.163,70.95,D,ICE Database
MAT_060,Glass Variant 7,Glass,2553.39,0.915,202.64,D,Engineering Toolbox
MAT_061,Glass Variant 20,Glass,2518.64,0.967,292.47,A,Engineering Toolbox
MAT_062,Glass Variant 1,Glass,2453.68,0.838,385.21,D,EPD Europe
MAT_063,Steel Variant 17,Steel,7746.37,54.569,2119.81,D,EPD Europe
MAT_064,Insulation Variant 16,Insulation,78.6,0.041,56.15,C,ICE Database
MAT_065,Steel Variant 11,Steel,7755.81,51.195,1750.53,B,ICE Database
MAT_066,Wood Variant 17,Wood,603.98,0.186,88.95,C,Engineering Toolbox
MAT_067,Steel Variant 15,Steel,7727.31,50.682,1911.58,D,EPD Europe
MAT_068,Steel Variant 14,Steel,7895.92,50.157,2364.86,C,Engineering Toolbox
MAT_069,Wood Variant 3,Wood,521.85,0.138,82.91,B,Engineering Toolbox
MAT_070,Insulation Variant 16,Insulation,83.16,0.026,77.63,C,EPD Europe
MAT_071,Glass Variant 16,Glass,2562.3,0.895,215.55,B,ICE Database
MAT_072,Glass Variant 17,Glass,2430.62,1.001,391.76,A,Engineering Toolbox
MAT_073,Insulation Variant 9,Insulation,119.69,0.046,45.53,C,ICE Database
MAT_074,Insulation Variant 17,Insulation,92.69,0.035,61.19,B,Engineering Toolbox
MAT_075,Glass Variant 19,Glass,2512.74,1.081,301.16,D,EPD Europe
MAT_076,Insulation Variant 4,Insulation,23.37,0.036,68.44,B,EPD Europe
MAT_077,Insulation Variant 11,Insulation,34.62,0.038,79.78,C,EPD Europe
MAT_078,Wood Variant 4,Wood,581.08,0.171,40.49,C,Engineering Toolbox
MAT_079,Concrete Variant 1,Concrete,2336.02,1.672,185.14,B,Engineering Toolbox
MAT_080,Concrete Variant 7,Concrete,2394.23,1.628,182.74,D,EPD Europe
MAT_081,Wood Variant 3,Wood,533.99,0.179,78.05,D,ICE Database
MAT_082,Wood Variant 7,Wood,550.81,0.123,71.28,C,EPD Europe
MAT_083,Steel Variant 5,Steel,7959.03,58.429,2217.41,A,ICE Database
MAT_084,Wood Variant 7,Wood,726.3,0.197,56.47,B,Engineering Toolbox
MAT_085,Glass Variant 5,Glass,2569.89,1.022,249.14,C,EPD Europe
MAT_086,Insulation Variant 15,Insulation,94.93,0.031,49.82,A,ICE Database
MAT_087,Concrete Variant 3,Concrete,2312.92,1.507,312.76,C,EPD Europe
MAT_088,Steel Variant 3,Steel,7705.05,53.02,2094.13,A,Engineering Toolbox
MAT_089,Glass Variant 14,Glass,2572.96,1.023,395.07,D,EPD Europe
MAT_090,Steel Variant 12,Steel,7845.87,59.186,1724.26,B,Engineering Toolbox
MAT_091,Insulation Variant 18,Insulation,40.48,0.023,59.66,A,Engineering Toolbox
MAT_092,Glass Variant 2,Glass,2526.33,0.897,318.22,A,EPD Europe
MAT_093,Insulation Variant 5,Insulation,54.18,0.048,67.63,D,ICE Database
MAT_094,Wood Variant 16,Wood,613.42,0.156,80.8,C,EPD Europe
MAT_095,Wood Variant 1,Wood,617.82,0.179,89.17,B,Engineering Toolbox
MAT_096,Steel Variant 10,Steel,8043.08,50.587,2356.14,A,EPD Europe
MAT_097,Concrete Variant 18,Concrete,2243.22,1.556,294.2,C,Engineering Toolbox
MAT_098,Steel Variant 11,Steel,7913.62,53.472,2004.57,C,Engineering Toolbox
MAT_099,Steel Variant 11,Steel,7929.55,54.478,1611.51,A,ICE Database
MAT_100,Glass Variant 18,Glass,2537.87,1.015,205.35,A,Engineering Toolbox
MAT_101,Wood Variant 17,Wood,476.24,0.2,89.35,A,ICE Database
MAT_102,Steel Variant 20,Steel,7837.6,50.718,1573.35,A,EPD Europe
MAT_103,Concrete Variant 4,Concrete,2293.17,1.621,229.08,A,ICE Database
MAT_104,Wood Variant 4,Wood,634.75,0.144,59.98,A,EPD Europe
MAT_105,Glass Variant 18,Glass,2478.33,0.982,293.76,B,ICE Database
MAT_106,Insulation Variant 7,Insulation,105.23,0.046,63.1,C,EPD Europe
MAT_107,Steel Variant 5,Steel,7831.58,55.894,2322.48,D,ICE Database
MAT_108,Wood Variant 10,Wood,660.08,0.191,31.57,D,Engineering Toolbox
MAT_109,Glass Variant 13,Glass,2547.16,0.97,382.84,D,EPD Europe
MAT_110,Wood Variant 16,Wood,628.35,0.186,77.78,C,Engineering Toolbox
MAT_111,Wood Variant 16,Wood,469.27,0.169,78.63,A,EPD Europe
MAT_112,Glass Variant 8,Glass,2443.76,0.852,395.13,B,EPD Europe
MAT_113,Wood Variant 17,Wood,702.7,0.168,42.86,A,Engineering Toolbox
MAT_114,Insulation Variant 16,Insulation,34.61,0.03,69.6,B,ICE Database
MAT_115,Steel Variant 11,Steel,7953.51,52.063,2154.1,C,Engineering Toolbox
MAT_116,Steel Variant 15,Steel,7795.49,48.362,1884.53,C,Engineering Toolbox
MAT_117,Glass Variant 3,Glass,2593.02,0.867,237.39,C,EPD Europe
MAT_118,Wood Variant 11,Wood,460.79,0.191,52.61,A,ICE Database
MAT_119,Wood Variant 2,Wood,645.59,0.151,59.01,D,ICE Database
MAT_120,Insulation Variant 14,Insulation,72.45,0.031,74.83,C,Engineering Toolbox
MAT_121,Insulation Variant 9,Insulation,112.95,0.032,50.59,C,ICE Database
MAT_122,Wood Variant 11,Wood,559.33,0.138,56.58,C,EPD Europe
MAT_123,Insulation Variant 8,Insulation,54.09,0.023,50.98,A,Engineering Toolbox
MAT_124,Wood Variant 12,Wood,576.58,0.181,63.05,D,Engineering Toolbox
MAT_125,Glass Variant 2,Glass,2463.15,0.868,277.71,A,EPD Europe
MAT_126,Wood Variant 18,Wood,595.09,0.162,78.33,D,EPD Europe
MAT_127,Steel Variant 5,Steel,8008.29,55.815,1611.1,B,ICE Database
MAT_128,Insulation Variant 14,Insulation,104.99,0.05,61.92,B,EPD Europe
MAT_129,Wood Variant 16,Wood,601.19,0.165,31.16,B,ICE Database
MAT_130,Wood Variant 17,Wood,502.09,0.147,58.66,A,ICE Database
MAT_131,Insulation Variant 17,Insulation,116.67,0.03,79.12,C,EPD Europe
MAT_132,Steel Variant 9,Steel,8041.17,57.673,1758.87,A,ICE Database
MAT_133,Wood Variant 7,Wood,708.35,0.167,89.41,D,Engineering Toolbox
MAT_134,Insulation Variant 5,Insulation,79.11,0.02,48.34,A,ICE Database
MAT_135,Glass Variant 10,Glass,2451.37,0.817,309.21,A,EPD Europe
MAT_136,Glass Variant 11,Glass,2535.66,0.913,246.11,B,ICE Database
MAT_137,Concrete Variant 2,Concrete,2308.51,1.735,314.06,A,EPD Europe
MAT_138,Concrete Variant 2,Concrete,2401.29,1.661,233.59,A,Engineering Toolbox
MAT_139,Glass Variant 7,Glass,2464.08,0.866,254.32,B,ICE Database
MAT_140,Steel Variant 14,Steel,7859.26,52.469,2106.11,C,EPD Europe
MAT_141,Wood Variant 13,Wood,540.82,0.169,89.43,C,ICE Database
MAT_142,Steel Variant 13,Steel,7815.69,51.855,1565.38,B,Engineering Toolbox
MAT_143,Concrete Variant 13,Concrete,2470.11,1.491,235.1,A,Engineering Toolbox
MAT_144,Insulation Variant 9,Insulation,59.46,0.037,75.64,B,ICE Database
MAT_145,Wood Variant 12,Wood,725.64,0.16,78.37,B,Engineering Toolbox
MAT_146,Insulation Variant 17,Insulation,102.6,0.036,57.72,A,EPD Europe
MAT_147,Glass Variant 6,Glass,2476.09,0.86,237.37,B,EPD Europe
MAT_148,Concrete Variant 2,Concrete,2340.45,1.403,225.71,D,Engineering Toolbox
MAT_149,Wood Variant 5,Wood,568.67,0.193,51.72,B,ICE Database
MAT_150,Steel Variant 18,Steel,7793.27,59.63,1995.9,C,ICE Database
MAT_151,Wood Variant 19,Wood,581.43,0.174,35.75,B,EPD Europe
MAT_152,Steel Variant 9,Steel,7731.65,46.729,2152.72,B,ICE Database
MAT_153,Wood Variant 11,Wood,464.45,0.16,33.29,B,Engineering Toolbox
MAT_154,Wood Variant 18,Wood,601.44,0.136,72.99,C,EPD Europe
MAT_155,Wood Variant 19,Wood,615.91,0.171,82.12,B,Engineering Toolbox
MAT_156,Glass Variant 10,Glass,2482.56,1.027,225.45,D,Engineering Toolbox
MAT_157,Concrete Variant 11,Concrete,2488.41,1.533,227.24,C,ICE Database
MAT_158,Glass Variant 9,Glass,2411.2,0.961,205.82,B,ICE Database
MAT_159,Concrete Variant 14,Concrete,2422.77,1.455,284.67,B,ICE Database
MAT_160,Steel Variant 1,Steel,7967.01,55.222,1738.91,D,ICE Database
MAT_161,Steel Variant 18,Steel,7968.39,52.512,2397.82,C,Engineering Toolbox
MAT_162,Insulation Variant 1,Insulation,97.89,0.045,50.29,B,Engineering Toolbox
MAT_163,Concrete Variant 4,Concrete,2343.82,1.428,258.45,C,Engineering Toolbox
MAT_164,Glass Variant 13,Glass,2509.67,0.858,284.52,C,ICE Database
MAT_165,Glass Variant 8,Glass,2551.76,0.933,381.41,A,EPD Europe
MAT_166,Glass Variant 11,Glass,2439.09,0.947,384.6,A,EPD Europe
MAT_167,Steel Variant 15,Steel,7701.72,58.002,1817.22,A,EPD Europe
MAT_168,Glass Variant 8,Glass,2476.27,1.07,227.95,C,EPD Europe
MAT_169,Insulation Variant 6,Insulation,28.47,0.04,43.57,C,Engineering Toolbox
MAT_170,Concrete Variant 16,Concrete,2271.37,1.785,193.12,C,ICE Database
MAT_171,Glass Variant 20,Glass,2472.73,0.803,360.93,D,Engineering Toolbox
MAT_172,Concrete Variant 12,Concrete,2215.43,1.493,261.98,B,ICE Database
MAT_173,Glass Variant 4,Glass,2441.63,0.811,333.24,C,ICE Database
MAT_174,Glass Variant 14,Glass,2553.83,0.975,311.42,C,EPD Europe
MAT_175,Glass Variant 10,Glass,2432.17,1.096,263.58,D,EPD Europe
MAT_176,Insulation Variant 17,Insulation,47.07,0.046,72.03,B,Engineering Toolbox
MAT_177,Glass Variant 3,Glass,2418.34,0.928,394.96,B,EPD Europe
MAT_178,Steel Variant 20,Steel,8003.83,54.559,2101.5,A,Engineering Toolbox
MAT_179,Steel Variant 10,Steel,8048.79,54.112,1581.77,C,Engineering Toolbox
MAT_180,Wood Variant 1,Wood,641.6,0.144,58.94,C,EPD Europe
MAT_181,Concrete Variant 2,Concrete,2381.32,1.645,258.43,A,EPD Europe
MAT_182,Concrete Variant 18,Concrete,2490.01,1.842,205.69,A,Engineering Toolbox
MAT_183,Wood Variant 8,Wood,719.22,0.193,67.33,D,EPD Europe
MAT_184,Steel Variant 5,Steel,8047.1,53.762,2466.8,D,ICE Database
MAT_185,Insulation Variant 4,Insulation,65.35,0.035,22.23,A,EPD Europe
MAT_186,Concrete Variant 20,Concrete,2359.54,1.555,220.96,A,EPD Europe
MAT_187,Glass Variant 17,Glass,2408.53,0.802,340.33,C,ICE Database
MAT_188,Wood Variant 4,Wood,629.29,0.168,59.07,B,ICE Database
MAT_189,Glass Variant 14,Glass,2496.8,0.893,283.49,C,EPD Europe
MAT_190,Wood Variant 17,Wood,534.83,0.182,46.99,C,ICE Database
MAT_191,Steel Variant 20,Steel,7923.83,52.259,1912.13,C,EPD Europe
MAT_192,Glass Variant 16,Glass,2435.24,0.871,285.83,B,EPD Europe
MAT_193,Concrete Variant 15,Concrete,2367.05,1.616,210.73,B,ICE Database
MAT_194,Wood Variant 2,Wood,526.01,0.123,74.61,D,Engineering Toolbox
MAT_195,Glass Variant 8,Glass,2594.19,0.841,351.37,A,Engineering Toolbox
MAT_196,Concrete Variant 17,Concrete,2235.6,1.594,215.67,A,ICE Database
MAT_197,Wood Variant 4,Wood,731.05,0.145,66.59,D,EPD Europe
MAT_198,Wood Variant 19,Wood,709.2,0.165,62.85,A,ICE Database
MAT_199,Wood Variant 17,Wood,690.08,0.137,52.66,D,Engineering Toolbox
MAT_200,Steel Variant 12,Steel,8047.85,54.615,2288.76,B,ICE Database
MAT_201,Steel Variant 6,Steel,7731.37,56.772,2071.14,C,EPD Europe
MAT_202,Glass Variant 17,Glass,2428.34,1.074,320.39,B,ICE Database
MAT_203,Wood Variant 16,Wood,656.62,0.19,71.56,A,EPD Europe
MAT_204,Concrete Variant 15,Concrete,2231.94,1.814,255.59,B,ICE Database
MAT_205,Concrete Variant 13,Concrete,2231.67,1.721,212.02,D,ICE Database
MAT_206,Insulation Variant 12,Insulation,113.13,0.022,79.55,B,Engineering Toolbox
MAT_207,Wood Variant 17,Wood,559.8,0.139,80.71,C,EPD Europe
MAT_208,Steel Variant 18,Steel,7896.27,53.513,2248.79,A,EPD Europe
MAT_209,Concrete Variant 13,Concrete,2338.29,1.542,311.47,C,ICE Database
MAT_210,Insulation Variant 7,Insulation,98.15,0.029,64.21,D,ICE Database
MAT_211,Glass Variant 17,Glass,2425.42,0.839,324.22,A,ICE Database
MAT_212,Insulation Variant 2,Insulation,71.98,0.046,75.88,B,ICE Database
MAT_213,Wood Variant 2,Wood,600.37,0.138,44.39,C,EPD Europe
MAT_214,Steel Variant 3,Steel,7834.73,54.351,1978.69,B,Engineering Toolbox
MAT_215,Steel Variant 4,Steel,7928.48,54.417,1790.87,A,Engineering Toolbox
MAT_216,Glass Variant 12,Glass,2535.44,1.013,212.28,B,EPD Europe
MAT_217,Wood Variant 10,Wood,637.26,0.194,36.08,D,EPD Europe
MAT_218,Wood Variant 2,Wood,636.84,0.144,78.03,B,Engineering Toolbox
MAT_219,Insulation Variant 1,Insulation,104.23,0.031,75.96,A,Engineering Toolbox
MAT_220,Concrete Variant 16,Concrete,2497.95,1.679,305.27,A,Engineering Toolbox
MAT_221,Concrete Variant 17,Concrete,2400.68,1.472,221.29,B,EPD Europe
MAT_222,Wood Variant 7,Wood,510.9,0.183,35.22,A,ICE Database
MAT_223,Glass Variant 5,Glass,2593.15,1.059,310.29,B,Engineering Toolbox
MAT_224,Glass Variant 11,Glass,2439.64,0.931,318.93,C,Engineering Toolbox
MAT_225,Steel Variant 14,Steel,8037.13,45.482,2112.57,C,EPD Europe
MAT_226,Wood Variant 13,Wood,560.26,0.198,38.63,B,Engineering Toolbox
MAT_227,Steel Variant 15,Steel,8030.86,54.017,1732.09,D,Engineering Toolbox
MAT_228,Steel Variant 10,Steel,7824.73,47.819,2366.12,B,ICE Database
MAT_229,Wood Variant 17,Wood,589.8,0.198,54.89,D,ICE Database
MAT_230,Insulation Variant 6,Insulation,51.62,0.026,52.77,C,EPD Europe
MAT_231,Steel Variant 13,Steel,7760.01,49.488,1592.62,D,EPD Europe
MAT_232,Wood Variant 6,Wood,702.63,0.147,50.74,B,ICE Database
MAT_233,Concrete Variant 12,Concrete,2342.82,1.685,216.09,A,ICE Database
MAT_234,Steel Variant 3,Steel,8037.24,54.011,2454.78,B,EPD Europe
MAT_235,Steel Variant 15,Steel,7997.43,48.11,1853.95,D,EPD Europe
MAT_236,Glass Variant 13,Glass,2410.36,0.871,222.23,A,ICE Database
MAT_237,Concrete Variant 13,Concrete,2401.22,1.597,191.68,C,ICE Database
MAT_238,Wood Variant 9,Wood,675.01,0.155,31.05,B,Engineering Toolbox
MAT_239,Wood Variant 5,Wood,562.16,0.126,68.32,D,Engineering Toolbox
MAT_240,Concrete Variant 2,Concrete,2364.7,1.859,226.25,A,ICE Database
MAT_241,Wood Variant 9,Wood,626.99,0.166,75.94,A,ICE Database
MAT_242,Insulation Variant 17,Insulation,25.33,0.042,37.63,D,EPD Europe
MAT_243,Glass Variant 1,Glass,2439.49,1.071,201.59,D,ICE Database
MAT_244,Concrete Variant 14,Concrete,2349.32,1.44,195.9,C,Engineering Toolbox
MAT_245,Insulation Variant 5,Insulation,89.81,0.028,29.51,B,Engineering Toolbox
MAT_246,Concrete Variant 8,Concrete,2480.92,1.534,305.29,B,Engineering Toolbox
MAT_247,Wood Variant 3,Wood,625.14,0.128,54.49,A,Engineering Toolbox
MAT_248,Concrete Variant 3,Concrete,2475.28,1.557,270.62,A,ICE Database
MAT_249,Insulation Variant 19,Insulation,118.68,0.035,58.79,A,Engineering Toolbox
MAT_250,Steel Variant 14,Steel,7747.41,50.394,2384.51,A,Engineering Toolbox
MAT_251,Steel Variant 1,Steel,7952.64,52.331,2109.17,C,Engineering Toolbox
MAT_252,Wood Variant 8,Wood,605.78,0.195,62.65,A,EPD Europe
MAT_253,Glass Variant 15,Glass,2508.68,1.019,203.74,D,ICE Database
MAT_254,Glass Variant 17,Glass,2416.08,1.028,255.84,B,ICE Database
MAT_255,Wood Variant 7,Wood,740.35,0.167,44.11,D,EPD Europe
MAT_256,Glass Variant 19,Glass,2470.23,0.884,314.87,A,Engineering Toolbox
MAT_257,Insulation Variant 12,Insulation,92.95,0.023,76.51,D,Engineering Toolbox
MAT_258,Glass Variant 10,Glass,2424.57,0.947,335.03,D,EPD Europe
MAT_259,Wood Variant 6,Wood,538.31,0.17,87.97,A,ICE Database
MAT_260,Concrete Variant 18,Concrete,2237.43,1.424,241.45,D,Engineering Toolbox
MAT_261,Steel Variant 4,Steel,7933.2,53.808,1703.17,C,EPD Europe
MAT_262,Insulation Variant 16,Insulation,97.91,0.044,42.57,D,Engineering Toolbox
MAT_263,Concrete Variant 1,Concrete,2252.51,1.804,212.31,A,EPD Europe
MAT_264,Glass Variant 1,Glass,2464.23,0.858,315.44,C,EPD Europe
MAT_265,Steel Variant 8,Steel,7784.02,50.098,2163.01,B,Engineering Toolbox
MAT_266,Insulation Variant 18,Insulation,91.77,0.036,43.75,B,Engineering Toolbox
MAT_267,Wood Variant 1,Wood,713.59,0.137,49.62,B,EPD Europe
MAT_268,Glass Variant 9,Glass,2405.15,1.03,324.18,A,EPD Europe
MAT_269,Glass Variant 12,Glass,2533.91,1.014,214.22,B,EPD Europe
MAT_270,Wood Variant 5,Wood,676.98,0.167,76.09,D,Engineering Toolbox
MAT_271,Steel Variant 11,Steel,7712.51,45.761,1577.77,A,ICE Database
MAT_272,Concrete Variant 5,Concrete,2411.95,1.417,192.07,D,Engineering Toolbox
MAT_273,Wood Variant 5,Wood,645.27,0.123,85.68,C,EPD Europe
MAT_274,Insulation Variant 12,Insulation,117.42,0.042,50.71,C,Engineering Toolbox
MAT_275,Steel Variant 9,Steel,8023.36,53.368,1504.91,B,Engineering Toolbox
MAT_276,Concrete Variant 12,Concrete,2277.24,1.75,297.62,A,EPD Europe
MAT_277,Wood Variant 16,Wood,610.29,0.196,50.93,A,Engineering Toolbox
MAT_278,Insulation Variant 20,Insulation,59.77,0.042,29.53,D,EPD Europe
MAT_279,Wood Variant 10,Wood,629.91,0.146,41.58,A,Engineering Toolbox
MAT_280,Concrete Variant 3,Concrete,2265.08,1.785,198.7,D,ICE Database
MAT_281,Steel Variant 18,Steel,7703.57,55.025,1694.91,D,Engineering Toolbox
MAT_282,Steel Variant 7,Steel,7976.31,59.068,2422.94,C,Engineering Toolbox
MAT_283,Insulation Variant 15,Insulation,91.83,0.026,37.87,C,EPD Europe
MAT_284,Steel Variant 6,Steel,7790.88,56.213,1665.49,A,ICE Database
MAT_285,Insulation Variant 13,Insulation,69.4,0.04,66.85,C,Engineering Toolbox
MAT_286,Concrete Variant 3,Concrete,2496.52,1.726,269.9,C,Engineering Toolbox
MAT_287,Steel Variant 15,Steel,7824.89,49.646,1557.4,B,EPD Europe
MAT_288,Glass Variant 12,Glass,2589.58,0.875,236.9,C,Engineering Toolbox
MAT_289,Concrete Variant 2,Concrete,2296.53,1.406,267.41,D,ICE Database
MAT_290,Insulation Variant 10,Insulation,56.31,0.042,75.69,A,ICE Database
MAT_291,Steel Variant 14,Steel,7999.59,57.051,1547.38,A,Engineering Toolbox
MAT_292,Steel Variant 5,Steel,7781.83,58.227,1618.62,C,ICE Database
MAT_293,Insulation Variant 8,Insulation,44.39,0.024,69.49,A,Engineering Toolbox
MAT_294,Insulation Variant 10,Insulation,65.75,0.032,39.88,D,ICE Database
MAT_295,Concrete Variant 7,Concrete,2316.09,1.412,196.76,D,Engineering Toolbox
MAT_296,Concrete Variant 14,Concrete,2226.3,1.516,314.56,A,EPD Europe
MAT_297,Concrete Variant 2,Concrete,2243.59,1.525,274.94,C,ICE Database
MAT_298,Glass Variant 19,Glass,2446.58,0.82,335.72,B,Engineering Toolbox
MAT_299,Insulation Variant 12,Insulation,58.32,0.033,75.2,B,Engineering Toolbox
MAT_300,Concrete Variant 12,Concrete,2444.02,1.697,212.33,D,EPD Europe
MAT_301,Steel Variant 13,Steel,7804.75,52.39,2262.37,C,EPD Europe
MAT_302,Insulation Variant 11,Insulation,91.87,0.038,35.04,C,EPD Europe
MAT_303,Wood Variant 6,Wood,467.16,0.184,58.21,C,Engineering Toolbox
MAT_304,Concrete Variant 4,Concrete,2454.79,1.661,262.72,D,ICE Database
MAT_305,Steel Variant 6,Steel,7703.09,51.877,1741.96,C,EPD Europe
MAT_306,Concrete Variant 5,Concrete,2490.04,1.772,319.38,D,ICE Database
MAT_307,Wood Variant 1,Wood,626.26,0.166,63.76,C,EPD Europe
MAT_308,Steel Variant 19,Steel,7731.57,51.278,2191.68,B,Engineering Toolbox
MAT_309,Insulation Variant 20,Insulation,30.16,0.027,68.74,A,EPD Europe
MAT_310,Insulation Variant 14,Insulation,89.23,0.032,41.08,B,EPD Europe
MAT_311,Steel Variant 20,Steel,7784.96,49.19,2097.95,D,ICE Database
MAT_312,Wood Variant 20,Wood,590.42,0.157,68.75,B,Engineering Toolbox
MAT_313,Wood Variant 13,Wood,740.39,0.163,50.71,A,EPD Europe
MAT_314,Wood Variant 7,Wood,526.46,0.169,75.45,B,EPD Europe
MAT_315,Steel Variant 16,Steel,7882.86,56.71,2315.24,C,EPD Europe
MAT_316,Steel Variant 11,Steel,7782.66,56.664,2419.62,A,Engineering Toolbox
MAT_317,Insulation Variant 12,Insulation,52.85,0.026,51.4,C,ICE Database
MAT_318,Glass Variant 19,Glass,2425.52,0.973,233.16,B,Engineering Toolbox
MAT_319,Concrete Variant 11,Concrete,2374.3,1.872,197.82,A,EPD Europe
MAT_320,Glass Variant 7,Glass,2553.29,0.868,290.42,D,Engineering Toolbox
MAT_321,Steel Variant 6,Steel,7998.89,45.44,2440.84,D,Engineering Toolbox
MAT_322,Glass Variant 16,Glass,2456.36,0.908,265.16,D,ICE Database
MAT_323,Wood Variant 6,Wood,577.57,0.152,57.12,D,Engineering Toolbox
MAT_324,Wood Variant 6,Wood,674.17,0.126,38.1,B,Engineering Toolbox
MAT_325,Steel Variant 2,Steel,7751.62,57.184,2105.95,B,ICE Database
MAT_326,Steel Variant 9,Steel,7774.24,50.491,1772.64,D,ICE Database
MAT_327,Steel Variant 12,Steel,7856.55,51.495,1791.75,A,ICE Database
MAT_328,Glass Variant 13,Glass,2502.63,0.982,390.05,D,ICE Database
MAT_329,Insulation Variant 8,Insulation,115.55,0.024,25.29,B,ICE Database
MAT_330,Glass Variant 16,Glass,2579.17,0.939,347.46,C,Engineering Toolbox
MAT_331,Glass Variant 11,Glass,2403.42,0.8,249.2,A,ICE Database
MAT_332,Concrete Variant 13,Concrete,2428.51,1.716,271.73,B,ICE Database
MAT_333,Wood Variant 9,Wood,556.4,0.161,64.14,D,ICE Database
MAT_334,Steel Variant 7,Steel,7957.17,55.633,2410.48,A,EPD Europe
MAT_335,Steel Variant 18,Steel,7799.86,48.168,1868.3,A,ICE Database
MAT_336,Steel Variant 20,Steel,7871.57,59.457,2491.65,A,Engineering Toolbox
MAT_337,Glass Variant 9,Glass,2555.75,1.1,341.61,B,Engineering Toolbox
MAT_338,Concrete Variant 11,Concrete,2222.74,1.827,227.1,C,EPD Europe
MAT_339,Concrete Variant 3,Concrete,2373.84,1.877,233.36,B,EPD Europe
MAT_340,Glass Variant 12,Glass,2511.18,1.096,322.37,B,Engineering Toolbox
MAT_341,Glass Variant 15,Glass,2448.02,1.097,385.67,C,EPD Europe
MAT_342,Steel Variant 8,Steel,8023.61,53.878,2460.73,B,ICE Database
MAT_343,Glass Variant 20,Glass,2402.46,0.926,291.01,D,Engineering Toolbox
MAT_344,Wood Variant 7,Wood,698.25,0.121,39.01,A,EPD Europe
MAT_345,Wood Variant 2,Wood,553.39,0.128,37.02,B,ICE Database
MAT_346,Concrete Variant 15,Concrete,2266.29,1.444,237.29,A,EPD Europe
MAT_347,Wood Variant 20,Wood,718.77,0.122,48.84,C,Engineering Toolbox
MAT_348,Steel Variant 20,Steel,8023.69,54.458,1703.53,A,EPD Europe
MAT_349,Insulation Variant 14,Insulation,64.23,0.046,56.59,A,ICE Database
MAT_350,Concrete Variant 17,Concrete,2452.07,1.513,215.25,A,Engineering Toolbox
MAT_351,Wood Variant 7,Wood,503.73,0.153,58.12,A,EPD Europe
MAT_352,Glass Variant 11,Glass,2542.36,0.963,233.0,A,Engineering Toolbox
MAT_353,Concrete Variant 11,Concrete,2331.1,1.684,271.43,D,EPD Europe
MAT_354,Wood Variant 8,Wood,539.17,0.199,81.73,D,Engineering Toolbox
MAT_355,Insulation Variant 9,Insulation,87.94,0.021,40.63,D,ICE Database
MAT_356,Steel Variant 17,Steel,7910.17,47.484,2107.29,A,EPD Europe
MAT_357,Concrete Variant 12,Concrete,2455.98,1.663,261.75,D,Engineering Toolbox
MAT_358,Insulation Variant 12,Insulation,104.41,0.026,78.99,D,Engineering Toolbox
MAT_359,Insulation Variant 2,Insulation,49.9,0.028,30.05,D,Engineering Toolbox
MAT_360,Wood Variant 18,Wood,590.07,0.135,70.74,B,ICE Database
MAT_361,Wood Variant 1,Wood,590.03,0.199,57.74,A,EPD Europe
MAT_362,Wood Variant 2,Wood,452.04,0.132,43.02,C,Engineering Toolbox
MAT_363,Steel Variant 1,Steel,7835.79,52.111,1558.27,A,Engineering Toolbox
MAT_364,Glass Variant 15,Glass,2520.87,0.836,367.03,A,EPD Europe
MAT_365,Glass Variant 8,Glass,2541.83,1.084,275.12,B,Engineering Toolbox
MAT_366,Concrete Variant 16,Concrete,2337.4,1.658,209.31,D,ICE Database
MAT_367,Steel Variant 2,Steel,7957.15,55.535,1707.71,C,Engineering Toolbox
MAT_368,Insulation Variant 6,Insulation,72.49,0.025,48.93,C,Engineering Toolbox
MAT_369,Glass Variant 12,Glass,2401.82,1.054,209.51,A,Engineering Toolbox
MAT_370,Insulation Variant 5,Insulation,26.28,0.041,43.62,C,ICE Database
MAT_371,Insulation Variant 12,Insulation,20.45,0.029,65.44,B,Engineering Toolbox
MAT_372,Wood Variant 13,Wood,685.21,0.163,85.35,B,EPD Europe
MAT_373,Wood Variant 1,Wood,747.08,0.144,77.41,C,EPD Europe
MAT_374,Concrete Variant 4,Concrete,2243.48,1.66,297.25,D,ICE Database
MAT_375,Wood Variant 15,Wood,730.41,0.165,38.74,C,ICE Database
MAT_376,Insulation Variant 9,Insulation,78.92,0.031,37.87,B,ICE Database
MAT_377,Wood Variant 6,Wood,473.61,0.168,60.54,B,EPD Europe
MAT_378,Wood Variant 12,Wood,493.2,0.126,40.82,A,ICE Database
MAT_379,Concrete Variant 19,Concrete,2430.04,1.635,204.48,B,EPD Europe
MAT_380,Wood Variant 8,Wood,713.39,0.178,68.36,D,Engineering Toolbox
MAT_381,Steel Variant 4,Steel,7858.76,53.017,2443.29,D,ICE Database
MAT_382,Insulation Variant 18,Insulation,75.47,0.046,36.09,A,Engineering Toolbox
MAT_383,Wood Variant 12,Wood,566.29,0.145,58.56,C,EPD Europe
MAT_384,Wood Variant 10,Wood,582.33,0.171,30.58,C,ICE Database
MAT_385,Concrete Variant 7,Concrete,2459.71,1.795,190.76,B,Engineering Toolbox
MAT_386,Wood Variant 3,Wood,458.8,0.137,65.45,D,Engineering Toolbox
MAT_387,Glass Variant 8,Glass,2433.37,1.065,302.92,A,Engineering Toolbox
MAT_388,Wood Variant 14,Wood,474.94,0.139,52.36,B,ICE Database
MAT_389,Concrete Variant 11,Concrete,2405.01,1.895,273.6,B,ICE Database
MAT_390,Wood Variant 16,Wood,732.38,0.17,61.36,B,ICE Database
MAT_391,Insulation Variant 9,Insulation,27.33,0.033,41.88,A,Engineering Toolbox
MAT_392,Steel Variant 18,Steel,7992.03,46.532,2130.44,C,ICE Database
MAT_393,Wood Variant 13,Wood,572.89,0.142,79.78,C,Engineering Toolbox
MAT_394,Concrete Variant 2,Concrete,2374.09,1.705,187.52,D,EPD Europe
MAT_395,Insulation Variant 13,Insulation,92.21,0.034,39.72,C,ICE Database
MAT_396,Wood Variant 1,Wood,638.41,0.17,46.41,A,Engineering Toolbox
MAT_397,Steel Variant 13,Steel,8034.84,59.43,1677.83,C,Engineering Toolbox
MAT_398,Insulation Variant 4,Insulation,96.52,0.029,26.12,A,ICE Database
MAT_399,Insulation Variant 10,Insulation,80.7,0.027,56.21,C,EPD Europe
MAT_400,Insulation Variant 17,Insulation,82.1,0.046,75.63,B,Engineering Toolbox
MAT_401,Steel Variant 14,Steel,7901.05,55.055,2328.69,D,EPD Europe
MAT_402,Glass Variant 12,Glass,2541.33,0.998,216.52,A,Engineering Toolbox
MAT_403,Steel Variant 11,Steel,7790.9,51.826,1551.39,C,ICE Database
MAT_404,Steel Variant 19,Steel,7813.92,50.978,1887.85,D,EPD Europe
MAT_405,Steel Variant 6,Steel,7717.54,45.524,1974.93,A,EPD Europe
MAT_406,Steel Variant 19,Steel,7720.57,52.278,2115.78,A,ICE Database
MAT_407,Wood Variant 7,Wood,689.13,0.139,31.2,B,EPD Europe
MAT_408,Steel Variant 16,Steel,7779.25,46.991,1603.36,A,ICE Database
MAT_409,Insulation Variant 9,Insulation,31.83,0.038,61.41,D,ICE Database
MAT_410,Glass Variant 6,Glass,2426.87,0.886,360.03,A,Engineering Toolbox
MAT_411,Insulation Variant 7,Insulation,41.96,0.025,22.11,B,ICE Database
MAT_412,Concrete Variant 2,Concrete,2301.52,1.829,233.21,D,EPD Europe
MAT_413,Glass Variant 20,Glass,2532.39,1.077,259.71,D,EPD Europe
MAT_414,Glass Variant 15,Glass,2408.95,0.971,262.09,C,Engineering Toolbox
MAT_415,Glass Variant 11,Glass,2508.11,0.809,210.22,C,ICE Database
MAT_416,Glass Variant 13,Glass,2556.26,1.048,225.57,A,ICE Database
MAT_417,Insulation Variant 5,Insulation,27.18,0.037,45.51,D,EPD Europe
MAT_418,Concrete Variant 14,Concrete,2404.12,1.485,306.96,C,EPD Europe
MAT_419,Concrete Variant 7,Concrete,2494.56,1.8,309.35,A,ICE Database
MAT_420,Wood Variant 7,Wood,683.85,0.141,72.43,B,EPD Europe
MAT_421,Insulation Variant 19,Insulation,76.49,0.031,67.29,A,EPD Europe
MAT_422,Glass Variant 13,Glass,2504.57,0.818,306.49,A,Engineering Toolbox
MAT_423,Concrete Variant 6,Concrete,2301.48,1.502,296.51,A,EPD Europe
MAT_424,Insulation Variant 16,Insulation,52.56,0.049,55.7,A,EPD Europe
MAT_425,Insulation Variant 10,Insulation,69.29,0.033,58.72,B,Engineering Toolbox
MAT_426,Wood Variant 12,Wood,533.75,0.127,79.34,B,EPD Europe
MAT_427,Insulation Variant 2,Insulation,60.22,0.037,41.98,B,EPD Europe
MAT_428,Wood Variant 6,Wood,610.34,0.134,56.51,B,ICE Database
MAT_429,Concrete Variant 15,Concrete,2393.57,1.444,199.73,C,ICE Database
MAT_430,Concrete Variant 4,Concrete,2352.23,1.5,191.77,D,EPD Europe
MAT_431,Concrete Variant 7,Concrete,2409.8,1.754,219.52,B,EPD Europe
MAT_432,Concrete Variant 7,Concrete,2491.85,1.734,316.92,D,ICE Database
MAT_433,Steel Variant 10,Steel,7778.83,57.867,1752.77,D,EPD Europe
MAT_434,Concrete Variant 5,Concrete,2279.27,1.641,299.3,D,ICE Database
MAT_435,Steel Variant 7,Steel,7948.35,50.884,1846.36,B,EPD Europe
MAT_436,Glass Variant 12,Glass,2547.01,0.965,225.92,C,Engineering Toolbox
MAT_437,Wood Variant 9,Wood,706.7,0.176,58.02,D,EPD Europe
MAT_438,Wood Variant 17,Wood,525.61,0.127,48.43,C,EPD Europe
MAT_439,Steel Variant 12,Steel,7892.51,45.514,2157.52,B,EPD Europe
MAT_440,Concrete Variant 18,Concrete,2469.94,1.42,303.76,B,Engineering Toolbox
MAT_441,Glass Variant 7,Glass,2495.07,1.054,255.31,A,EPD Europe
MAT_442,Steel Variant 5,Steel,7985.8,47.619,2050.92,A,Engineering Toolbox
MAT_443,Steel Variant 3,Steel,7867.21,49.134,1996.53,D,EPD Europe
MAT_444,Steel Variant 13,Steel,7866.76,46.32,1644.01,A,ICE Database
MAT_445,Wood Variant 3,Wood,718.44,0.187,47.82,A,Engineering Toolbox
MAT_446,Concrete Variant 6,Concrete,2296.61,1.742,247.56,D,ICE Database
MAT_447,Wood Variant 20,Wood,591.47,0.127,46.46,D,ICE Database
MAT_448,Concrete Variant 7,Concrete,2308.51,1.773,187.03,C,ICE Database
MAT_449,Insulation Variant 8,Insulation,23.64,0.04,29.49,A,ICE Database
MAT_450,Steel Variant 2,Steel,7818.22,54.756,2329.37,A,ICE Database
MAT_451,Concrete Variant 1,Concrete,2370.7,1.746,294.94,A,Engineering Toolbox
MAT_452,Wood Variant 10,Wood,549.05,0.156,69.03,C,EPD Europe
MAT_453,Insulation Variant 6,Insulation,47.48,0.043,48.54,B,EPD Europe
MAT_454,Wood Variant 4,Wood,474.2,0.147,54.03,B,Engineering Toolbox
MAT_455,Glass Variant 12,Glass,2498.75,0.915,354.76,D,Engineering Toolbox
MAT_456,Steel Variant 6,Steel,7888.58,52.704,1947.32,D,ICE Database
MAT_457,Wood Variant 4,Wood,625.63,0.199,59.37,D,Engineering Toolbox
MAT_458,Insulation Variant 3,Insulation,42.14,0.03,56.26,D,Engineering Toolbox
MAT_459,Wood Variant 19,Wood,559.4,0.191,68.51,A,EPD Europe
MAT_460,Insulation Variant 2,Insulation,94.15,0.049,35.13,D,Engineering Toolbox
MAT_461,Steel Variant 18,Steel,7762.89,54.89,2493.34,B,Engineering Toolbox
MAT_462,Concrete Variant 10,Concrete,2448.53,1.447,294.6,D,Engineering Toolbox
MAT_463,Glass Variant 9,Glass,2512.87,1.002,316.4,A,EPD Europe
MAT_464,Steel Variant 4,Steel,8028.98,47.357,1541.49,D,EPD Europe
MAT_465,Insulation Variant 6,Insulation,86.96,0.024,64.47,C,EPD Europe
MAT_466,Steel Variant 18,Steel,7850.51,48.323,1549.05,D,ICE Database
MAT_467,Glass Variant 7,Glass,2552.93,0.918,366.4,D,Engineering Toolbox
MAT_468,Glass Variant 6,Glass,2513.83,0.87,217.5,C,EPD Europe
MAT_469,Wood Variant 6,Wood,450.16,0.121,37.71,A,EPD Europe
MAT_470,Concrete Variant 17,Concrete,2288.59,1.507,277.28,B,EPD Europe
MAT_471,Glass Variant 17,Glass,2581.47,0.872,293.53,B,Engineering Toolbox
MAT_472,Glass Variant 7,Glass,2408.31,0.845,372.17,D,ICE Database
MAT_473,Glass Variant 1,Glass,2521.61,0.935,276.61,C,EPD Europe
MAT_474,Glass Variant 18,Glass,2444.1,0.903,333.37,A,Engineering Toolbox
MAT_475,Glass Variant 9,Glass,2412.52,0.968,221.51,B,Engineering Toolbox
MAT_476,Wood Variant 5,Wood,506.31,0.137,39.66,A,Engineering Toolbox
MAT_477,Steel Variant 12,Steel,7783.65,56.289,1724.49,C,ICE Database
MAT_478,Wood Variant 14,Wood,471.68,0.144,59.09,B,EPD Europe
MAT_479,Concrete Variant 7,Concrete,2454.04,1.727,309.43,B,ICE Database
MAT_480,Insulation Variant 1,Insulation,73.8,0.041,38.62,C,Engineering Toolbox
MAT_481,Concrete Variant 8,Concrete,2411.97,1.789,206.95,A,EPD Europe
MAT_482,Insulation Variant 19,Insulation,59.26,0.026,52.65,B,EPD Europe
MAT_483,Steel Variant 7,Steel,7834.98,54.768,1666.83,C,ICE Database
MAT_484,Insulation Variant 2,Insulation,36.01,0.044,20.08,C,Engineering Toolbox
MAT_485,Wood Variant 12,Wood,650.86,0.19,32.44,D,EPD Europe
MAT_486,Glass Variant 19,Glass,2597.96,0.843,386.06,C,ICE Database
MAT_487,Concrete Variant 18,Concrete,2337.22,1.822,260.64,A,Engineering Toolbox
MAT_488,Steel Variant 16,Steel,7866.93,58.857,1767.6,C,ICE Database
MAT_489,Wood Variant 15,Wood,594.9,0.194,88.76,C,Engineering Toolbox
MAT_490,Steel Variant 11,Steel,8005.27,58.97,1813.73,A,Engineering Toolbox
MAT_491,Steel Variant 1,Steel,8026.73,49.151,1954.78,D,ICE Database
MAT_492,Concrete Variant 13,Concrete,2266.88,1.655,296.45,C,EPD Europe
MAT_493,Wood Variant 7,Wood,727.33,0.189,32.39,D,EPD Europe
MAT_494,Insulation Variant 11,Insulation,23.42,0.045,79.78,B,Engineering Toolbox
MAT_495,Insulation Variant 12,Insulation,60.27,0.033,56.11,A,EPD Europe
MAT_496,Wood Variant 5,Wood,511.67,0.142,64.59,C,EPD Europe
MAT_497,Insulation Variant 5,Insulation,73.3,0.026,45.03,A,ICE Database
MAT_498,Steel Variant 17,Steel,7755.18,54.784,2491.47,B,EPD Europe
MAT_499,Glass Variant 1,Glass,2437.15,0.832,327.6,C,Engineering Toolbox
MAT_500,Wood Variant 1,Wood,613.75,0.175,73.94,B,EPD Europe
